,time,wait,com
2018-10-01 00:02:00,1538323320000,0,1000
2018-10-01 00:03:00,1538323380000,0,1000
2018-10-01 00:04:00,1538323440000,5633,5633
2018-10-01 00:05:00,1538323500000,4737,4737
2018-10-01 00:06:00,1538323560000,5231,5231
2018-10-01 00:07:00,1538323620000,0,1000
2018-10-01 00:08:00,1538323680000,4467,4467
2018-10-01 00:09:00,1538323740000,0,1000
2018-10-01 00:10:00,1538323800000,0,1000
2018-10-01 00:11:00,1538323860000,2830,2830
2018-10-01 00:12:00,1538323920000,317,5567
2018-10-01 00:13:00,1538323980000,4959,4959
2018-10-01 00:14:00,1538324040000,0,1000
2018-10-01 00:15:00,1538324100000,266,1000
2018-10-01 00:16:00,1538324160000,0,1000
2018-10-01 00:17:00,1538324220000,0,1000
2018-10-01 00:18:00,1538324280000,868,3770
2018-10-01 00:19:00,1538324340000,5212,5212
2018-10-01 00:20:00,1538324400000,5651,5651
2018-10-01 00:21:00,1538324460000,2445,2445
2018-10-01 00:22:00,1538324520000,0,1000
2018-10-01 00:23:00,1538324580000,630,1000
2018-10-01 00:24:00,1538324640000,0,1000
2018-10-01 00:25:00,1538324700000,4141,4141
2018-10-01 00:26:00,1538324760000,3641,3641
2018-10-01 00:27:00,1538324820000,0,6259
2018-10-01 00:28:00,1538324880000,0,1000
2018-10-01 00:29:00,1538324940000,0,1000
2018-10-01 00:30:00,1538325000000,0,6188
2018-10-01 00:31:00,1538325060000,4742,4742
2018-10-01 00:32:00,1538325120000,2145,2145
2018-10-01 00:33:00,1538325180000,0,1000
2018-10-01 00:34:00,1538325240000,393,4907
2018-10-01 00:35:00,1538325300000,0,1000
2018-10-01 00:36:00,1538325360000,250,1000
2018-10-01 00:37:00,1538325420000,0,1000
2018-10-01 00:38:00,1538325480000,0,1000
2018-10-01 00:39:00,1538325540000,160,1000
2018-10-01 00:40:00,1538325600000,0,1000
2018-10-01 00:41:00,1538325660000,4901,4901
2018-10-01 00:42:00,1538325720000,2087,2087
2018-10-01 00:43:00,1538325780000,0,1000
2018-10-01 00:44:00,1538325840000,0,1000
2018-10-01 00:45:00,1538325900000,0,1000
2018-10-01 00:46:00,1538325960000,0,1000
2018-10-01 00:47:00,1538326020000,4454,4454
2018-10-01 00:48:00,1538326080000,2636,2636
2018-10-01 00:49:00,1538326140000,0,1000
2018-10-01 00:50:00,1538326200000,1275,1275
2018-10-01 00:51:00,1538326260000,0,1000
2018-10-01 00:52:00,1538326320000,0,1000
2018-10-01 00:54:00,1538326440000,0,6789
2018-10-01 00:55:00,1538326500000,0,1000
2018-10-01 00:56:00,1538326560000,0,1000
2018-10-01 00:57:00,1538326620000,0,1000
2018-10-01 00:58:00,1538326680000,395,1000
2018-10-01 00:59:00,1538326740000,0,1000
2018-10-01 01:00:00,1538326800000,0,1000
2018-10-01 01:01:00,1538326860000,3639,3639
2018-10-01 01:02:00,1538326920000,1545,1545
2018-10-01 01:03:00,1538326980000,0,1000
2018-10-01 01:04:00,1538327040000,0,1000
2018-10-01 01:05:00,1538327100000,0,1000
2018-10-01 01:06:00,1538327160000,0,1000
2018-10-01 01:07:00,1538327220000,1442,1442
2018-10-01 01:08:00,1538327280000,1424,1424
2018-10-01 01:09:00,1538327340000,0,1000
2018-10-01 01:10:00,1538327400000,5302,5302
2018-10-01 01:11:00,1538327460000,0,1000
2018-10-01 01:12:00,1538327520000,0,1000
2018-10-01 01:13:00,1538327580000,0,1000
2018-10-01 01:14:00,1538327640000,2443,2443
2018-10-01 01:15:00,1538327700000,1243,1243
2018-10-01 01:16:00,1538327760000,0,1000
2018-10-01 01:17:00,1538327820000,4398,4398
2018-10-01 01:18:00,1538327880000,0,6335
2018-10-01 01:19:00,1538327940000,0,1000
2018-10-01 01:20:00,1538328000000,0,1000
2018-10-01 01:21:00,1538328060000,0,6106
2018-10-01 01:22:00,1538328120000,0,1000
2018-10-01 01:23:00,1538328180000,5982,5982
2018-10-01 01:24:00,1538328240000,1760,1760
2018-10-01 01:25:00,1538328300000,1313,1313
2018-10-01 01:26:00,1538328360000,1432,1432
2018-10-01 01:27:00,1538328420000,0,1000
2018-10-01 01:28:00,1538328480000,3528,3528
2018-10-01 01:29:00,1538328540000,0,1000
2018-10-01 01:30:00,1538328600000,0,1000
2018-10-01 01:31:00,1538328660000,0,1000
2018-10-01 01:33:00,1538328780000,0,1000
2018-10-01 01:34:00,1538328840000,0,1000
2018-10-01 01:35:00,1538328900000,0,1000
2018-10-01 01:36:00,1538328960000,0,1000
2018-10-01 01:37:00,1538329020000,0,6536
2018-10-01 01:38:00,1538329080000,0,1000
2018-10-01 01:40:00,1538329200000,1922,1922
2018-10-01 01:41:00,1538329260000,0,1000
2018-10-01 01:43:00,1538329380000,0,1000
2018-10-01 01:44:00,1538329440000,0,1000
2018-10-01 01:45:00,1538329500000,5736,5736
2018-10-01 01:46:00,1538329560000,0,1000
2018-10-01 01:47:00,1538329620000,0,1000
2018-10-01 01:48:00,1538329680000,0,1000
2018-10-01 01:49:00,1538329740000,5184,5184
2018-10-01 01:50:00,1538329800000,0,1000
2018-10-01 01:51:00,1538329860000,0,1000
2018-10-01 01:52:00,1538329920000,0,1000
2018-10-01 01:53:00,1538329980000,0,1000
2018-10-01 01:56:00,1538330160000,4963,4963
2018-10-01 01:57:00,1538330220000,0,1000
2018-10-01 01:58:00,1538330280000,0,1000
2018-10-01 01:59:00,1538330340000,0,1000
2018-10-01 02:00:00,1538330400000,0,1000
2018-10-01 02:01:00,1538330460000,0,1000
2018-10-01 02:02:00,1538330520000,5791,5791
2018-10-01 02:03:00,1538330580000,0,1000
2018-10-01 02:04:00,1538330640000,0,1000
2018-10-01 02:06:00,1538330760000,4887,4887
2018-10-01 02:07:00,1538330820000,0,1000
2018-10-01 02:08:00,1538330880000,0,1000
2018-10-01 02:09:00,1538330940000,0,1000
2018-10-01 02:10:00,1538331000000,0,1000
2018-10-01 02:11:00,1538331060000,0,1000
2018-10-01 02:12:00,1538331120000,0,1000
2018-10-01 02:14:00,1538331240000,5335,5335
2018-10-01 02:15:00,1538331300000,0,1000
2018-10-01 02:16:00,1538331360000,0,1000
2018-10-01 02:17:00,1538331420000,0,1000
2018-10-01 02:18:00,1538331480000,0,1000
2018-10-01 02:19:00,1538331540000,0,1000
2018-10-01 02:20:00,1538331600000,0,6828
2018-10-01 02:21:00,1538331660000,0,1000
2018-10-01 02:22:00,1538331720000,0,1000
2018-10-01 02:23:00,1538331780000,0,1000
2018-10-01 02:24:00,1538331840000,0,1000
2018-10-01 02:25:00,1538331900000,0,1000
2018-10-01 02:26:00,1538331960000,0,1000
2018-10-01 02:27:00,1538332020000,749,2304
2018-10-01 02:28:00,1538332080000,0,1000
2018-10-01 02:29:00,1538332140000,0,1000
2018-10-01 02:31:00,1538332260000,0,1000
2018-10-01 02:33:00,1538332380000,0,1000
2018-10-01 02:34:00,1538332440000,3077,3077
2018-10-01 02:35:00,1538332500000,0,1000
2018-10-01 02:36:00,1538332560000,0,1000
2018-10-01 02:37:00,1538332620000,0,1000
2018-10-01 02:38:00,1538332680000,0,1000
2018-10-01 02:39:00,1538332740000,0,1000
2018-10-01 02:40:00,1538332800000,0,1000
2018-10-01 02:41:00,1538332860000,0,1000
2018-10-01 02:43:00,1538332980000,0,6897
2018-10-01 02:44:00,1538333040000,0,1000
2018-10-01 02:45:00,1538333100000,5593,5593
2018-10-01 02:46:00,1538333160000,3003,3003
2018-10-01 02:47:00,1538333220000,1056,1056
2018-10-01 02:48:00,1538333280000,0,1000
2018-10-01 02:50:00,1538333400000,0,1000
2018-10-01 02:52:00,1538333520000,5385,5385
2018-10-01 02:53:00,1538333580000,0,1000
2018-10-01 02:54:00,1538333640000,0,1000
2018-10-01 02:55:00,1538333700000,0,1000
2018-10-01 02:57:00,1538333820000,0,1000
2018-10-01 02:58:00,1538333880000,1896,1896
2018-10-01 02:59:00,1538333940000,0,1000
2018-10-01 03:00:00,1538334000000,0,1000
2018-10-01 03:01:00,1538334060000,0,1000
2018-10-01 03:02:00,1538334120000,0,1000
2018-10-01 03:03:00,1538334180000,0,1000
2018-10-01 03:04:00,1538334240000,0,1000
2018-10-01 03:05:00,1538334300000,0,1000
2018-10-01 03:06:00,1538334360000,0,1000
2018-10-01 03:07:00,1538334420000,0,1000
2018-10-01 03:08:00,1538334480000,0,1000
2018-10-01 03:10:00,1538334600000,5804,5804
2018-10-01 03:11:00,1538334660000,0,1000
2018-10-01 03:12:00,1538334720000,1985,1985
2018-10-01 03:13:00,1538334780000,0,1000
2018-10-01 03:15:00,1538334900000,0,1000
2018-10-01 03:16:00,1538334960000,926,1000
2018-10-01 03:17:00,1538335020000,0,1000
2018-10-01 03:18:00,1538335080000,0,1000
2018-10-01 03:19:00,1538335140000,0,1000
2018-10-01 03:22:00,1538335320000,0,1000
2018-10-01 03:23:00,1538335380000,0,1000
2018-10-01 03:25:00,1538335500000,0,1000
2018-10-01 03:27:00,1538335620000,0,1000
2018-10-01 03:28:00,1538335680000,0,1000
2018-10-01 03:30:00,1538335800000,0,1000
2018-10-01 03:31:00,1538335860000,0,1000
2018-10-01 03:32:00,1538335920000,0,1000
2018-10-01 03:33:00,1538335980000,0,1000
2018-10-01 03:34:00,1538336040000,0,1000
2018-10-01 03:35:00,1538336100000,0,1000
2018-10-01 03:36:00,1538336160000,0,1000
2018-10-01 03:39:00,1538336340000,0,1000
2018-10-01 03:40:00,1538336400000,0,1000
2018-10-01 03:41:00,1538336460000,0,1000
2018-10-01 03:43:00,1538336580000,0,1000
2018-10-01 03:44:00,1538336640000,0,1000
2018-10-01 03:45:00,1538336700000,0,1000
2018-10-01 03:46:00,1538336760000,0,1000
2018-10-01 03:47:00,1538336820000,0,1000
2018-10-01 03:50:00,1538337000000,0,1000
2018-10-01 03:51:00,1538337060000,0,1000
2018-10-01 03:52:00,1538337120000,0,1000
2018-10-01 03:55:00,1538337300000,4290,4290
2018-10-01 03:56:00,1538337360000,0,1000
2018-10-01 03:57:00,1538337420000,0,1000
2018-10-01 03:58:00,1538337480000,0,1000
2018-10-01 03:59:00,1538337540000,0,6158
2018-10-01 04:00:00,1538337600000,0,1000
2018-10-01 04:01:00,1538337660000,0,1000
2018-10-01 04:02:00,1538337720000,0,1000
2018-10-01 04:04:00,1538337840000,0,1000
2018-10-01 04:07:00,1538338020000,0,1000
2018-10-01 04:08:00,1538338080000,2607,2607
2018-10-01 04:09:00,1538338140000,0,1000
2018-10-01 04:10:00,1538338200000,0,1000
2018-10-01 04:12:00,1538338320000,0,1000
2018-10-01 04:13:00,1538338380000,0,1000
2018-10-01 04:14:00,1538338440000,0,1000
2018-10-01 04:15:00,1538338500000,0,6393
2018-10-01 04:16:00,1538338560000,0,1000
2018-10-01 04:17:00,1538338620000,0,1000
2018-10-01 04:19:00,1538338740000,0,1000
2018-10-01 04:20:00,1538338800000,2607,2607
2018-10-01 04:21:00,1538338860000,0,1000
2018-10-01 04:22:00,1538338920000,0,1000
2018-10-01 04:23:00,1538338980000,0,1000
2018-10-01 04:24:00,1538339040000,0,1000
2018-10-01 04:25:00,1538339100000,0,1000
2018-10-01 04:27:00,1538339220000,0,1000
2018-10-01 04:28:00,1538339280000,0,1000
2018-10-01 04:29:00,1538339340000,0,1000
2018-10-01 04:30:00,1538339400000,1219,1219
2018-10-01 04:31:00,1538339460000,0,1000
2018-10-01 04:32:00,1538339520000,0,1000
2018-10-01 04:33:00,1538339580000,0,1000
2018-10-01 04:34:00,1538339640000,33,1000
2018-10-01 04:35:00,1538339700000,0,1000
2018-10-01 04:36:00,1538339760000,946,6481
2018-10-01 04:37:00,1538339820000,0,1000
2018-10-01 04:38:00,1538339880000,384,1000
2018-10-01 04:39:00,1538339940000,4906,4906
2018-10-01 04:40:00,1538340000000,0,1000
2018-10-01 04:41:00,1538340060000,0,1000
2018-10-01 04:42:00,1538340120000,0,1000
2018-10-01 04:43:00,1538340180000,0,1000
2018-10-01 04:44:00,1538340240000,0,1000
2018-10-01 04:45:00,1538340300000,2006,2006
2018-10-01 04:46:00,1538340360000,4975,4975
2018-10-01 04:47:00,1538340420000,941,1000
2018-10-01 04:48:00,1538340480000,3128,3128
2018-10-01 04:49:00,1538340540000,0,1000
2018-10-01 04:50:00,1538340600000,4860,4860
2018-10-01 04:51:00,1538340660000,728,1000
2018-10-01 04:52:00,1538340720000,0,6579
2018-10-01 04:53:00,1538340780000,0,1000
2018-10-01 04:54:00,1538340840000,536,1000
2018-10-01 04:55:00,1538340900000,0,1000
2018-10-01 04:56:00,1538340960000,4860,4860
2018-10-01 04:57:00,1538341020000,0,1000
2018-10-01 04:58:00,1538341080000,1959,1959
2018-10-01 04:59:00,1538341140000,0,1000
2018-10-01 05:00:00,1538341200000,0,1000
2018-10-01 05:01:00,1538341260000,153,1000
2018-10-01 05:02:00,1538341320000,0,1000
2018-10-01 05:03:00,1538341380000,0,1000
2018-10-01 05:04:00,1538341440000,0,1000
2018-10-01 05:05:00,1538341500000,499,3330
2018-10-01 05:06:00,1538341560000,0,6042
2018-10-01 05:07:00,1538341620000,3208,3208
2018-10-01 05:08:00,1538341680000,0,1000
2018-10-01 05:09:00,1538341740000,4301,4301
2018-10-01 05:10:00,1538341800000,0,1000
2018-10-01 05:11:00,1538341860000,0,1000
2018-10-01 05:12:00,1538341920000,0,1000
2018-10-01 05:13:00,1538341980000,0,1000
2018-10-01 05:14:00,1538342040000,0,1000
2018-10-01 05:15:00,1538342100000,0,1000
2018-10-01 05:16:00,1538342160000,0,1000
2018-10-01 05:17:00,1538342220000,514,2251
2018-10-01 05:18:00,1538342280000,2565,2565
2018-10-01 05:19:00,1538342340000,0,1000
2018-10-01 05:20:00,1538342400000,340,4516
2018-10-01 05:21:00,1538342460000,4262,4262
2018-10-01 05:22:00,1538342520000,0,1000
2018-10-01 05:23:00,1538342580000,2088,2088
2018-10-01 05:24:00,1538342640000,362,1000
2018-10-01 05:25:00,1538342700000,0,6905
2018-10-01 05:26:00,1538342760000,1558,1558
2018-10-01 05:27:00,1538342820000,1387,1387
2018-10-01 05:28:00,1538342880000,2987,2987
2018-10-01 05:29:00,1538342940000,0,1000
2018-10-01 05:30:00,1538343000000,0,1000
2018-10-01 05:31:00,1538343060000,0,1000
2018-10-01 05:32:00,1538343120000,0,1000
2018-10-01 05:33:00,1538343180000,5437,5437
2018-10-01 05:34:00,1538343240000,0,1000
2018-10-01 05:35:00,1538343300000,0,1000
2018-10-01 05:36:00,1538343360000,4290,4290
2018-10-01 05:37:00,1538343420000,0,1000
2018-10-01 05:38:00,1538343480000,3529,3529
2018-10-01 05:39:00,1538343540000,0,1000
2018-10-01 05:40:00,1538343600000,2821,2821
2018-10-01 05:41:00,1538343660000,3842,3842
2018-10-01 05:42:00,1538343720000,3127,3127
2018-10-01 05:43:00,1538343780000,4580,4580
2018-10-01 05:44:00,1538343840000,2172,2172
2018-10-01 05:45:00,1538343900000,4145,4145
2018-10-01 05:46:00,1538343960000,1735,1735
2018-10-01 05:47:00,1538344020000,670,1000
2018-10-01 05:48:00,1538344080000,373,1000
2018-10-01 05:49:00,1538344140000,0,1000
2018-10-01 05:50:00,1538344200000,3644,3644
2018-10-01 05:51:00,1538344260000,3454,3454
2018-10-01 05:52:00,1538344320000,0,1000
2018-10-01 05:53:00,1538344380000,1424,1424
2018-10-01 05:54:00,1538344440000,0,1000
2018-10-01 05:55:00,1538344500000,1188,1188
2018-10-01 05:56:00,1538344560000,210,1151
2018-10-01 05:57:00,1538344620000,0,1000
2018-10-01 05:58:00,1538344680000,913,4839
2018-10-01 05:59:00,1538344740000,0,1000
2018-10-01 06:00:00,1538344800000,3388,3388
2018-10-01 06:01:00,1538344860000,1695,1695
2018-10-01 06:02:00,1538344920000,29,2712
2018-10-01 06:03:00,1538344980000,1132,1132
2018-10-01 06:04:00,1538345040000,0,1000
2018-10-01 06:05:00,1538345100000,1832,1832
2018-10-01 06:06:00,1538345160000,1003,1003
2018-10-01 06:07:00,1538345220000,540,5036
2018-10-01 06:08:00,1538345280000,35,1619
2018-10-01 06:09:00,1538345340000,0,1000
2018-10-01 06:10:00,1538345400000,1553,1553
2018-10-01 06:11:00,1538345460000,2014,2014
2018-10-01 06:12:00,1538345520000,1054,1054
2018-10-01 06:13:00,1538345580000,2501,2501
2018-10-01 06:14:00,1538345640000,1647,1647
2018-10-01 06:15:00,1538345700000,587,3574
2018-10-01 06:16:00,1538345760000,2176,2176
2018-10-01 06:17:00,1538345820000,4339,4339
2018-10-01 06:18:00,1538345880000,372,1000
2018-10-01 06:19:00,1538345940000,1984,1984
2018-10-01 06:20:00,1538346000000,986,1000
2018-10-01 06:21:00,1538346060000,3016,3016
2018-10-01 06:22:00,1538346120000,14,5016
2018-10-01 06:23:00,1538346180000,4957,4957
2018-10-01 06:24:00,1538346240000,2227,2227
2018-10-01 06:25:00,1538346300000,4553,4553
2018-10-01 06:26:00,1538346360000,479,5830
2018-10-01 06:27:00,1538346420000,609,1804
2018-10-01 06:28:00,1538346480000,1860,1860
2018-10-01 06:29:00,1538346540000,1544,1544
2018-10-01 06:30:00,1538346600000,2082,2082
2018-10-01 06:31:00,1538346660000,1195,1195
2018-10-01 06:32:00,1538346720000,0,6147
2018-10-01 06:33:00,1538346780000,640,1910
2018-10-01 06:34:00,1538346840000,5135,5135
2018-10-01 06:35:00,1538346900000,1231,1231
2018-10-01 06:36:00,1538346960000,872,2418
2018-10-01 06:37:00,1538347020000,2446,2446
2018-10-01 06:38:00,1538347080000,47,6424
2018-10-01 06:39:00,1538347140000,2719,2719
2018-10-01 06:40:00,1538347200000,1012,1012
2018-10-01 06:41:00,1538347260000,3955,3955
2018-10-01 06:42:00,1538347320000,4195,4195
2018-10-01 06:43:00,1538347380000,593,3417
2018-10-01 06:44:00,1538347440000,3560,3560
2018-10-01 06:45:00,1538347500000,1151,1151
2018-10-01 06:46:00,1538347560000,364,1695
2018-10-01 06:47:00,1538347620000,1778,1778
2018-10-01 06:48:00,1538347680000,1841,1841
2018-10-01 06:49:00,1538347740000,1836,1836
2018-10-01 06:50:00,1538347800000,3504,3504
2018-10-01 06:51:00,1538347860000,1565,1565
2018-10-01 06:52:00,1538347920000,221,3355
2018-10-01 06:53:00,1538347980000,1197,1197
2018-10-01 06:54:00,1538348040000,1938,1938
2018-10-01 06:55:00,1538348100000,3139,3139
2018-10-01 06:56:00,1538348160000,134,1833
2018-10-01 06:57:00,1538348220000,609,2257
2018-10-01 06:58:00,1538348280000,257,2785
2018-10-01 06:59:00,1538348340000,2041,2041
2018-10-01 07:00:00,1538348400000,1315,1315
2018-10-01 07:01:00,1538348460000,825,2102
2018-10-01 07:02:00,1538348520000,335,2984
2018-10-01 07:03:00,1538348580000,2350,2350
2018-10-01 07:04:00,1538348640000,2455,2455
2018-10-01 07:05:00,1538348700000,1103,1103
2018-10-01 07:06:00,1538348760000,987,4015
2018-10-01 07:07:00,1538348820000,1999,1999
2018-10-01 07:08:00,1538348880000,1070,1070
2018-10-01 07:09:00,1538348940000,700,1609
2018-10-01 07:10:00,1538349000000,53,1520
2018-10-01 07:11:00,1538349060000,404,1620
2018-10-01 07:12:00,1538349120000,1887,1887
2018-10-01 07:13:00,1538349180000,5568,5568
2018-10-01 07:14:00,1538349240000,2474,2474
2018-10-01 07:15:00,1538349300000,3388,1027
2018-10-01 07:16:00,1538349360000,5302,1713
2018-10-01 07:17:00,1538349420000,3887,3887
2018-10-01 07:18:00,1538349480000,3061,1436
2018-10-01 07:19:00,1538349540000,5171,5171
2018-10-01 07:20:00,1538349600000,4391,2066
2018-10-01 07:21:00,1538349660000,3402,1103
2018-10-01 07:22:00,1538349720000,4136,1310
2018-10-01 07:23:00,1538349780000,2807,1055
2018-10-01 07:24:00,1538349840000,3597,3597
2018-10-01 07:25:00,1538349900000,3989,3989
2018-10-01 07:26:00,1538349960000,2626,2626
2018-10-01 07:27:00,1538350020000,2241,2241
2018-10-01 07:28:00,1538350080000,1294,1294
2018-10-01 07:29:00,1538350140000,1097,1097
2018-10-01 07:30:00,1538350200000,2942,2942
2018-10-01 07:31:00,1538350260000,1467,1467
2018-10-01 07:32:00,1538350320000,4392,4392
2018-10-01 07:33:00,1538350380000,2076,2076
2018-10-01 07:34:00,1538350440000,1109,1109
2018-10-01 07:35:00,1538350500000,1978,1978
2018-10-01 07:36:00,1538350560000,1482,1482
2018-10-01 07:37:00,1538350620000,3480,3480
2018-10-01 07:38:00,1538350680000,1182,1182
2018-10-01 07:39:00,1538350740000,1540,1540
2018-10-01 07:40:00,1538350800000,2475,2475
2018-10-01 07:41:00,1538350860000,912,1008
2018-10-01 07:42:00,1538350920000,669,2590
2018-10-01 07:43:00,1538350980000,2180,2180
2018-10-01 07:44:00,1538351040000,5430,1228
2018-10-01 07:45:00,1538351100000,3109,3109
2018-10-01 07:46:00,1538351160000,2275,2275
2018-10-01 07:47:00,1538351220000,2703,2703
2018-10-01 07:48:00,1538351280000,4134,4134
2018-10-01 07:49:00,1538351340000,3804,3804
2018-10-01 07:50:00,1538351400000,2716,2716
2018-10-01 07:51:00,1538351460000,2863,2863
2018-10-01 07:52:00,1538351520000,2184,1363
2018-10-01 07:53:00,1538351580000,2663,2663
2018-10-01 07:54:00,1538351640000,5291,5291
2018-10-01 07:55:00,1538351700000,2708,2708
2018-10-01 07:56:00,1538351760000,2245,2245
2018-10-01 07:57:00,1538351820000,1095,1095
2018-10-01 07:58:00,1538351880000,1451,1451
2018-10-01 07:59:00,1538351940000,1526,1526
2018-10-01 08:00:00,1538352000000,1589,1589
2018-10-01 08:01:00,1538352060000,1358,1358
2018-10-01 08:02:00,1538352120000,2012,2012
2018-10-01 08:03:00,1538352180000,1767,1767
2018-10-01 08:04:00,1538352240000,0,1060
2018-10-01 08:05:00,1538352300000,3095,1176
2018-10-01 08:06:00,1538352360000,3004,1824
2018-10-01 08:07:00,1538352420000,3781,1259
2018-10-01 08:08:00,1538352480000,4255,2106
2018-10-01 08:09:00,1538352540000,4085,1053
2018-10-01 08:10:00,1538352600000,5676,5676
2018-10-01 08:11:00,1538352660000,4577,2266
2018-10-01 08:12:00,1538352720000,3799,2187
2018-10-01 08:13:00,1538352780000,3886,2517
2018-10-01 08:14:00,1538352840000,2868,1460
2018-10-01 08:15:00,1538352900000,1938,1938
2018-10-01 08:16:00,1538352960000,3454,3454
2018-10-01 08:17:00,1538353020000,3030,3030
2018-10-01 08:18:00,1538353080000,3339,3339
2018-10-01 08:19:00,1538353140000,1909,1909
2018-10-01 08:20:00,1538353200000,4756,4756
2018-10-01 08:21:00,1538353260000,2128,2128
2018-10-01 08:22:00,1538353320000,1912,1037
2018-10-01 08:23:00,1538353380000,1980,1980
2018-10-01 08:24:00,1538353440000,4025,4025
2018-10-01 08:25:00,1538353500000,1200,1200
2018-10-01 08:26:00,1538353560000,969,1821
2018-10-01 08:27:00,1538353620000,1886,1886
2018-10-01 08:28:00,1538353680000,2200,2200
2018-10-01 08:29:00,1538353740000,1564,1564
2018-10-01 08:30:00,1538353800000,1177,1177
2018-10-01 08:31:00,1538353860000,1478,1478
2018-10-01 08:32:00,1538353920000,1803,1803
2018-10-01 08:33:00,1538353980000,2914,2914
2018-10-01 08:34:00,1538354040000,4290,4290
2018-10-01 08:35:00,1538354100000,3640,1048
2018-10-01 08:36:00,1538354160000,0,1778
2018-10-01 08:37:00,1538354220000,3771,1947
2018-10-01 08:38:00,1538354280000,3150,1381
2018-10-01 08:39:00,1538354340000,3820,2142
2018-10-01 08:40:00,1538354400000,3239,1636
2018-10-01 08:41:00,1538354460000,3490,1937
2018-10-01 08:42:00,1538354520000,2897,1207
2018-10-01 08:43:00,1538354580000,2893,1535
2018-10-01 08:44:00,1538354640000,2365,2365
2018-10-01 08:45:00,1538354700000,5502,1241
2018-10-01 08:46:00,1538354760000,1949,1485
2018-10-01 08:47:00,1538354820000,1843,1843
2018-10-01 08:48:00,1538354880000,1715,1715
2018-10-01 08:49:00,1538354940000,1508,1379
2018-10-01 08:50:00,1538355000000,1790,1790
2018-10-01 08:51:00,1538355060000,2246,2246
2018-10-01 08:52:00,1538355120000,2184,2184
2018-10-01 08:53:00,1538355180000,3403,3403
2018-10-01 08:54:00,1538355240000,1043,1043
2018-10-01 08:55:00,1538355300000,2027,2027
2018-10-01 08:56:00,1538355360000,1066,1066
2018-10-01 08:57:00,1538355420000,2744,2744
2018-10-01 08:58:00,1538355480000,957,1305
2018-10-01 08:59:00,1538355540000,1090,1090
2018-10-01 09:00:00,1538355600000,1198,1198
2018-10-01 09:01:00,1538355660000,1130,1130
2018-10-01 09:02:00,1538355720000,1537,1537
2018-10-01 09:03:00,1538355780000,1526,1526
2018-10-01 09:04:00,1538355840000,711,2635
2018-10-01 09:05:00,1538355900000,1022,1022
2018-10-01 09:06:00,1538355960000,3787,3787
2018-10-01 09:07:00,1538356020000,1789,1789
2018-10-01 09:08:00,1538356080000,1799,1799
2018-10-01 09:09:00,1538356140000,2480,2480
2018-10-01 09:10:00,1538356200000,427,2891
2018-10-01 09:11:00,1538356260000,1685,1685
2018-10-01 09:12:00,1538356320000,1341,1341
2018-10-01 09:13:00,1538356380000,3026,3026
2018-10-01 09:14:00,1538356440000,2761,1396
2018-10-01 09:15:00,1538356500000,2741,1511
2018-10-01 09:16:00,1538356560000,4166,1697
2018-10-01 09:17:00,1538356620000,2463,1580
2018-10-01 09:18:00,1538356680000,2697,2697
2018-10-01 09:19:00,1538356740000,5121,1315
2018-10-01 09:20:00,1538356800000,2280,1797
2018-10-01 09:21:00,1538356860000,2564,2028
2018-10-01 09:22:00,1538356920000,2656,2656
2018-10-01 09:23:00,1538356980000,2554,1647
2018-10-01 09:24:00,1538357040000,3050,3050
2018-10-01 09:25:00,1538357100000,0,1000
2018-10-01 09:26:00,1538357160000,4260,4260
2018-10-01 09:27:00,1538357220000,2985,2985
2018-10-01 09:28:00,1538357280000,1360,1360
2018-10-01 09:29:00,1538357340000,1341,1341
2018-10-01 09:30:00,1538357400000,1549,1549
2018-10-01 09:31:00,1538357460000,1616,1616
2018-10-01 09:32:00,1538357520000,1836,1031
2018-10-01 09:33:00,1538357580000,1963,1963
2018-10-01 09:34:00,1538357640000,1243,1243
2018-10-01 09:35:00,1538357700000,1185,1185
2018-10-01 09:36:00,1538357760000,2719,2719
2018-10-01 09:37:00,1538357820000,1037,1037
2018-10-01 09:38:00,1538357880000,1448,1448
2018-10-01 09:39:00,1538357940000,1323,1323
2018-10-01 09:40:00,1538358000000,2096,2096
2018-10-01 09:41:00,1538358060000,1941,1941
2018-10-01 09:42:00,1538358120000,589,1538
2018-10-01 09:43:00,1538358180000,1051,1051
2018-10-01 09:44:00,1538358240000,1469,1469
2018-10-01 09:45:00,1538358300000,4120,4120
2018-10-01 09:46:00,1538358360000,844,1434
2018-10-01 09:47:00,1538358420000,539,2474
2018-10-01 09:48:00,1538358480000,346,1393
2018-10-01 09:49:00,1538358540000,1381,1381
2018-10-01 09:50:00,1538358600000,692,1600
2018-10-01 09:51:00,1538358660000,960,1728
2018-10-01 09:52:00,1538358720000,3530,3530
2018-10-01 09:53:00,1538358780000,3052,3052
2018-10-01 09:54:00,1538358840000,4129,2015
2018-10-01 09:55:00,1538358900000,2947,2947
2018-10-01 09:56:00,1538358960000,2759,2174
2018-10-01 09:57:00,1538359020000,3027,3027
2018-10-01 09:58:00,1538359080000,4072,1917
2018-10-01 09:59:00,1538359140000,4134,4134
2018-10-01 10:00:00,1538359200000,3552,3552
2018-10-01 10:01:00,1538359260000,2253,2253
2018-10-01 10:02:00,1538359320000,3044,3044
2018-10-01 10:03:00,1538359380000,2397,1566
2018-10-01 10:04:00,1538359440000,932,6933
2018-10-01 10:05:00,1538359500000,2182,2182
2018-10-01 10:06:00,1538359560000,1153,1153
2018-10-01 10:07:00,1538359620000,1293,1293
2018-10-01 10:08:00,1538359680000,4826,4826
2018-10-01 10:09:00,1538359740000,2521,2521
2018-10-01 10:10:00,1538359800000,4280,4280
2018-10-01 10:11:00,1538359860000,1773,1773
2018-10-01 10:12:00,1538359920000,1930,1930
2018-10-01 10:13:00,1538359980000,1406,1406
2018-10-01 10:14:00,1538360040000,1829,1829
2018-10-01 10:15:00,1538360100000,1567,1567
2018-10-01 10:16:00,1538360160000,1854,1854
2018-10-01 10:17:00,1538360220000,2305,2305
2018-10-01 10:18:00,1538360280000,2255,2255
2018-10-01 10:19:00,1538360340000,373,1622
2018-10-01 10:20:00,1538360400000,922,1179
2018-10-01 10:21:00,1538360460000,322,1860
2018-10-01 10:22:00,1538360520000,1352,1352
2018-10-01 10:23:00,1538360580000,1171,1171
2018-10-01 10:24:00,1538360640000,1764,1418
2018-10-01 10:25:00,1538360700000,4391,4391
2018-10-01 10:26:00,1538360760000,2151,2151
2018-10-01 10:27:00,1538360820000,1648,1648
2018-10-01 10:28:00,1538360880000,2313,2313
2018-10-01 10:29:00,1538360940000,1936,1523
2018-10-01 10:30:00,1538361000000,1944,1944
2018-10-01 10:31:00,1538361060000,1941,1941
2018-10-01 10:32:00,1538361120000,2982,1380
2018-10-01 10:33:00,1538361180000,0,6129
2018-10-01 10:34:00,1538361240000,3520,3520
2018-10-01 10:35:00,1538361300000,1063,1063
2018-10-01 10:36:00,1538361360000,3393,3393
2018-10-01 10:37:00,1538361420000,3327,3327
2018-10-01 10:38:00,1538361480000,1079,1079
2018-10-01 10:39:00,1538361540000,1130,1130
2018-10-01 10:40:00,1538361600000,1844,1844
2018-10-01 10:41:00,1538361660000,651,4782
2018-10-01 10:42:00,1538361720000,753,3462
2018-10-01 10:43:00,1538361780000,1001,1001
2018-10-01 10:44:00,1538361840000,3175,3175
2018-10-01 10:45:00,1538361900000,3897,3897
2018-10-01 10:46:00,1538361960000,2022,2022
2018-10-01 10:47:00,1538362020000,220,2617
2018-10-01 10:48:00,1538362080000,645,1554
2018-10-01 10:49:00,1538362140000,0,1000
2018-10-01 10:50:00,1538362200000,214,1842
2018-10-01 10:51:00,1538362260000,0,1000
2018-10-01 10:52:00,1538362320000,371,1220
2018-10-01 10:53:00,1538362380000,589,1504
2018-10-01 10:54:00,1538362440000,4961,4961
2018-10-01 10:55:00,1538362500000,304,1113
2018-10-01 10:56:00,1538362560000,426,1556
2018-10-01 10:57:00,1538362620000,414,3849
2018-10-01 10:58:00,1538362680000,268,2664
2018-10-01 10:59:00,1538362740000,3388,3388
2018-10-01 11:00:00,1538362800000,1489,1489
2018-10-01 11:01:00,1538362860000,3806,3806
2018-10-01 11:02:00,1538362920000,5138,5138
2018-10-01 11:03:00,1538362980000,1516,1516
2018-10-01 11:04:00,1538363040000,3417,3417
2018-10-01 11:05:00,1538363100000,3518,3518
2018-10-01 11:06:00,1538363160000,3227,1361
2018-10-01 11:07:00,1538363220000,2066,1078
2018-10-01 11:08:00,1538363280000,2733,2733
2018-10-01 11:09:00,1538363340000,2339,1282
2018-10-01 11:10:00,1538363400000,2886,2886
2018-10-01 11:11:00,1538363460000,1473,1473
2018-10-01 11:12:00,1538363520000,2240,2240
2018-10-01 11:13:00,1538363580000,1902,1902
2018-10-01 11:14:00,1538363640000,2032,2032
2018-10-01 11:15:00,1538363700000,0,1000
2018-10-01 11:16:00,1538363760000,947,3404
2018-10-01 11:17:00,1538363820000,2715,2715
2018-10-01 11:18:00,1538363880000,976,2576
2018-10-01 11:19:00,1538363940000,801,1000
2018-10-01 11:20:00,1538364000000,1205,1205
2018-10-01 11:21:00,1538364060000,628,3197
2018-10-01 11:22:00,1538364120000,2998,2998
2018-10-01 11:23:00,1538364180000,1870,1870
2018-10-01 11:24:00,1538364240000,1460,1460
2018-10-01 11:25:00,1538364300000,879,1559
2018-10-01 11:26:00,1538364360000,1001,1001
2018-10-01 11:27:00,1538364420000,846,1312
2018-10-01 11:28:00,1538364480000,0,6329
2018-10-01 11:29:00,1538364540000,489,3050
2018-10-01 11:30:00,1538364600000,2162,2162
2018-10-01 11:31:00,1538364660000,300,2357
2018-10-01 11:32:00,1538364720000,224,1903
2018-10-01 11:33:00,1538364780000,1740,1740
2018-10-01 11:34:00,1538364840000,1084,1084
2018-10-01 11:35:00,1538364900000,0,6085
2018-10-01 11:36:00,1538364960000,722,1507
2018-10-01 11:37:00,1538365020000,331,1414
2018-10-01 11:38:00,1538365080000,1430,1430
2018-10-01 11:39:00,1538365140000,2261,2261
2018-10-01 11:40:00,1538365200000,422,1161
2018-10-01 11:41:00,1538365260000,545,1476
2018-10-01 11:42:00,1538365320000,767,3949
2018-10-01 11:43:00,1538365380000,3847,3847
2018-10-01 11:44:00,1538365440000,5248,1579
2018-10-01 11:45:00,1538365500000,2364,2364
2018-10-01 11:46:00,1538365560000,3269,1108
2018-10-01 11:47:00,1538365620000,1817,1181
2018-10-01 11:48:00,1538365680000,3629,1009
2018-10-01 11:49:00,1538365740000,5160,5160
2018-10-01 11:50:00,1538365800000,1545,1545
2018-10-01 11:51:00,1538365860000,2520,2520
2018-10-01 11:52:00,1538365920000,3588,1078
2018-10-01 11:53:00,1538365980000,4807,4807
2018-10-01 11:54:00,1538366040000,3133,3133
2018-10-01 11:55:00,1538366100000,1688,1688
2018-10-01 11:56:00,1538366160000,507,2787
2018-10-01 11:57:00,1538366220000,1652,1652
2018-10-01 11:58:00,1538366280000,1015,1015
2018-10-01 11:59:00,1538366340000,2162,2162
2018-10-01 12:00:00,1538366400000,0,1000
2018-10-01 13:01:00,1538370060000,2111,1417
2018-10-01 13:02:00,1538370120000,0,1492
2018-10-01 13:03:00,1538370180000,5166,5166
2018-10-01 13:04:00,1538370240000,2093,2093
2018-10-01 13:05:00,1538370300000,1781,1272
2018-10-01 13:06:00,1538370360000,1884,1884
2018-10-01 13:07:00,1538370420000,1896,1896
2018-10-01 13:08:00,1538370480000,4158,4158
2018-10-01 13:09:00,1538370540000,3359,3359
2018-10-01 13:10:00,1538370600000,0,6710
2018-10-01 13:11:00,1538370660000,1839,1839
2018-10-01 13:12:00,1538370720000,2460,2460
2018-10-01 13:13:00,1538370780000,675,1777
2018-10-01 13:14:00,1538370840000,2289,2289
2018-10-01 13:15:00,1538370900000,0,6114
2018-10-01 13:16:00,1538370960000,2851,2851
2018-10-01 13:17:00,1538371020000,5689,5689
2018-10-01 13:18:00,1538371080000,1603,1603
2018-10-01 13:19:00,1538371140000,2015,2015
2018-10-01 13:20:00,1538371200000,3101,3101
2018-10-01 13:21:00,1538371260000,601,1359
2018-10-01 13:22:00,1538371320000,2269,2269
2018-10-01 13:23:00,1538371380000,975,1035
2018-10-01 13:24:00,1538371440000,1259,1259
2018-10-01 13:25:00,1538371500000,1945,1945
2018-10-01 13:26:00,1538371560000,490,2996
2018-10-01 13:27:00,1538371620000,509,1124
2018-10-01 13:28:00,1538371680000,1464,1464
2018-10-01 13:29:00,1538371740000,608,1585
2018-10-01 13:30:00,1538371800000,1118,1118
2018-10-01 13:31:00,1538371860000,2003,2003
2018-10-01 13:32:00,1538371920000,4441,4441
2018-10-01 13:33:00,1538371980000,1852,1852
2018-10-01 13:34:00,1538372040000,2088,2088
2018-10-01 13:35:00,1538372100000,3097,1514
2018-10-01 13:36:00,1538372160000,4657,1197
2018-10-01 13:37:00,1538372220000,4404,4404
2018-10-01 13:38:00,1538372280000,3675,1165
2018-10-01 13:39:00,1538372340000,2044,2044
2018-10-01 13:40:00,1538372400000,4726,4726
2018-10-01 13:41:00,1538372460000,1179,1179
2018-10-01 13:42:00,1538372520000,1375,1375
2018-10-01 13:43:00,1538372580000,0,6396
2018-10-01 13:44:00,1538372640000,4230,4230
2018-10-01 13:45:00,1538372700000,984,2138
2018-10-01 13:46:00,1538372760000,915,3788
2018-10-01 13:47:00,1538372820000,695,6081
2018-10-01 13:48:00,1538372880000,1354,1354
2018-10-01 13:49:00,1538372940000,986,3762
2018-10-01 13:50:00,1538373000000,1612,1612
2018-10-01 13:51:00,1538373060000,1483,1483
2018-10-01 13:52:00,1538373120000,4067,4067
2018-10-01 13:53:00,1538373180000,3518,3518
2018-10-01 13:54:00,1538373240000,1484,1484
2018-10-01 13:55:00,1538373300000,2285,2285
2018-10-01 13:56:00,1538373360000,674,3448
2018-10-01 13:57:00,1538373420000,376,1345
2018-10-01 13:58:00,1538373480000,748,2093
2018-10-01 13:59:00,1538373540000,4685,4685
2018-10-01 14:00:00,1538373600000,397,1085
2018-10-01 14:01:00,1538373660000,3932,3932
2018-10-01 14:02:00,1538373720000,1164,1164
2018-10-01 14:03:00,1538373780000,638,3065
2018-10-01 14:04:00,1538373840000,1790,1790
2018-10-01 14:05:00,1538373900000,851,1552
2018-10-01 14:06:00,1538373960000,98,2749
2018-10-01 14:07:00,1538374020000,684,1088
2018-10-01 14:08:00,1538374080000,1778,1778
2018-10-01 14:09:00,1538374140000,1488,1488
2018-10-01 14:10:00,1538374200000,443,2332
2018-10-01 14:11:00,1538374260000,2070,1286
2018-10-01 14:12:00,1538374320000,3913,1736
2018-10-01 14:13:00,1538374380000,2443,1022
2018-10-01 14:14:00,1538374440000,2703,2703
2018-10-01 14:15:00,1538374500000,2037,1546
2018-10-01 14:16:00,1538374560000,3278,1712
2018-10-01 14:17:00,1538374620000,1853,1231
2018-10-01 14:18:00,1538374680000,2712,2712
2018-10-01 14:19:00,1538374740000,1785,1785
2018-10-01 14:20:00,1538374800000,1980,1268
2018-10-01 14:21:00,1538374860000,3359,3359
2018-10-01 14:22:00,1538374920000,1126,1126
2018-10-01 14:23:00,1538374980000,1124,1124
2018-10-01 14:24:00,1538375040000,1707,1707
2018-10-01 14:25:00,1538375100000,2338,2338
2018-10-01 14:26:00,1538375160000,1943,1943
2018-10-01 14:27:00,1538375220000,706,1050
2018-10-01 14:28:00,1538375280000,1438,1438
2018-10-01 14:29:00,1538375340000,1444,1444
2018-10-01 14:30:00,1538375400000,1333,1333
2018-10-01 14:31:00,1538375460000,878,1576
2018-10-01 14:32:00,1538375520000,2289,2289
2018-10-01 14:33:00,1538375580000,1142,1142
2018-10-01 14:34:00,1538375640000,752,3118
2018-10-01 14:35:00,1538375700000,1988,1988
2018-10-01 14:36:00,1538375760000,587,1344
2018-10-01 14:37:00,1538375820000,1974,1974
2018-10-01 14:38:00,1538375880000,743,1205
2018-10-01 14:39:00,1538375940000,3442,3442
2018-10-01 14:40:00,1538376000000,4820,4820
2018-10-01 14:41:00,1538376060000,0,1384
2018-10-01 14:42:00,1538376120000,3827,3827
2018-10-01 14:43:00,1538376180000,3954,1574
2018-10-01 14:44:00,1538376240000,2199,2199
2018-10-01 14:45:00,1538376300000,2652,2652
2018-10-01 14:46:00,1538376360000,2951,2951
2018-10-01 14:47:00,1538376420000,2014,2014
2018-10-01 14:48:00,1538376480000,4741,4741
2018-10-01 14:49:00,1538376540000,4541,4541
2018-10-01 14:50:00,1538376600000,3927,3927
2018-10-01 14:51:00,1538376660000,2298,2298
2018-10-01 14:52:00,1538376720000,2291,2291
2018-10-01 14:53:00,1538376780000,985,1421
2018-10-01 14:54:00,1538376840000,3715,3715
2018-10-01 14:55:00,1538376900000,4070,4070
2018-10-01 14:56:00,1538376960000,1497,1497
2018-10-01 14:57:00,1538377020000,1113,1113
2018-10-01 14:58:00,1538377080000,835,1199
2018-10-01 14:59:00,1538377140000,5467,5467
2018-10-01 15:00:00,1538377200000,1065,1065
2018-10-01 15:01:00,1538377260000,1952,1952
2018-10-01 15:02:00,1538377320000,925,4329
2018-10-01 15:03:00,1538377380000,2296,2296
2018-10-01 15:04:00,1538377440000,1967,1967
2018-10-01 15:05:00,1538377500000,2485,2485
2018-10-01 15:06:00,1538377560000,564,1321
2018-10-01 15:07:00,1538377620000,842,1884
2018-10-01 15:08:00,1538377680000,854,1862
2018-10-01 15:09:00,1538377740000,764,1683
2018-10-01 15:10:00,1538377800000,660,2295
2018-10-01 15:11:00,1538377860000,3353,3353
2018-10-01 15:12:00,1538377920000,4165,1354
2018-10-01 15:13:00,1538377980000,1933,1578
2018-10-01 15:14:00,1538378040000,3717,3717
2018-10-01 15:15:00,1538378100000,1864,1750
2018-10-01 15:16:00,1538378160000,2763,2763
2018-10-01 15:17:00,1538378220000,2781,2781
2018-10-01 15:18:00,1538378280000,4176,1216
2018-10-01 15:19:00,1538378340000,3485,3485
2018-10-01 15:20:00,1538378400000,1900,1724
2018-10-01 15:21:00,1538378460000,1961,1961
2018-10-01 15:22:00,1538378520000,1787,1787
2018-10-01 15:23:00,1538378580000,1447,1447
2018-10-01 15:24:00,1538378640000,3754,3754
2018-10-01 15:25:00,1538378700000,1292,1292
2018-10-01 15:26:00,1538378760000,4191,4191
2018-10-01 15:27:00,1538378820000,895,1281
2018-10-01 15:28:00,1538378880000,1365,1365
2018-10-01 15:29:00,1538378940000,1805,1805
2018-10-01 15:30:00,1538379000000,857,2957
2018-10-01 15:31:00,1538379060000,2263,2263
2018-10-01 15:32:00,1538379120000,1446,1446
2018-10-01 15:33:00,1538379180000,401,2399
2018-10-01 15:34:00,1538379240000,2566,2566
2018-10-01 15:35:00,1538379300000,3805,3805
2018-10-01 15:36:00,1538379360000,1214,1214
2018-10-01 15:37:00,1538379420000,734,1222
2018-10-01 15:38:00,1538379480000,1915,1915
2018-10-01 15:39:00,1538379540000,1355,1355
2018-10-01 15:40:00,1538379600000,662,2842
2018-10-01 15:41:00,1538379660000,3062,3062
2018-10-01 15:42:00,1538379720000,2594,1079
2018-10-01 15:43:00,1538379780000,4175,1414
2018-10-01 15:44:00,1538379840000,3400,3400
2018-10-01 15:45:00,1538379900000,5910,5910
2018-10-01 15:46:00,1538379960000,2772,1057
2018-10-01 15:47:00,1538380020000,2306,2306
2018-10-01 15:48:00,1538380080000,4745,1493
2018-10-01 15:49:00,1538380140000,2320,2320
2018-10-01 15:50:00,1538380200000,3245,1518
2018-10-01 15:51:00,1538380260000,2304,2304
2018-10-01 15:52:00,1538380320000,4915,4915
2018-10-01 15:53:00,1538380380000,3153,3153
2018-10-01 15:54:00,1538380440000,2910,2910
2018-10-01 15:55:00,1538380500000,1519,1519
2018-10-01 15:56:00,1538380560000,1853,1853
2018-10-01 15:57:00,1538380620000,4947,4947
2018-10-01 15:58:00,1538380680000,1165,1165
2018-10-01 15:59:00,1538380740000,5151,5151
2018-10-01 16:00:00,1538380800000,3713,3713
2018-10-01 16:01:00,1538380860000,2041,2041
2018-10-01 16:02:00,1538380920000,950,1661
2018-10-01 16:03:00,1538380980000,2613,2613
2018-10-01 16:04:00,1538381040000,1200,1200
2018-10-01 16:05:00,1538381100000,3516,3516
2018-10-01 16:06:00,1538381160000,1578,1578
2018-10-01 16:07:00,1538381220000,613,2147
2018-10-01 16:08:00,1538381280000,644,1110
2018-10-01 16:09:00,1538381340000,5168,5168
2018-10-01 16:10:00,1538381400000,698,5556
2018-10-01 16:11:00,1538381460000,3028,1457
2018-10-01 16:12:00,1538381520000,2228,1348
2018-10-01 16:13:00,1538381580000,4360,4360
2018-10-01 16:14:00,1538381640000,3438,1877
2018-10-01 16:15:00,1538381700000,0,1895
2018-10-01 16:16:00,1538381760000,2626,1640
2018-10-01 16:17:00,1538381820000,2816,1630
2018-10-01 16:18:00,1538381880000,3210,3210
2018-10-01 16:19:00,1538381940000,4648,2091
2018-10-01 16:20:00,1538382000000,4763,4763
2018-10-01 16:21:00,1538382060000,1629,1629
2018-10-01 16:22:00,1538382120000,0,6531
2018-10-01 16:23:00,1538382180000,1837,1837
2018-10-01 16:24:00,1538382240000,1003,1003
2018-10-01 16:25:00,1538382300000,1251,1251
2018-10-01 16:26:00,1538382360000,1260,1260
2018-10-01 16:27:00,1538382420000,1232,1232
2018-10-01 16:28:00,1538382480000,1580,1580
2018-10-01 16:29:00,1538382540000,1061,1061
2018-10-01 16:30:00,1538382600000,1331,1331
2018-10-01 16:31:00,1538382660000,3232,3232
2018-10-01 16:32:00,1538382720000,2664,2664
2018-10-01 16:33:00,1538382780000,963,1285
2018-10-01 16:34:00,1538382840000,978,2693
2018-10-01 16:35:00,1538382900000,1514,1514
2018-10-01 16:36:00,1538382960000,1752,1752
2018-10-01 16:37:00,1538383020000,3802,3802
2018-10-01 16:38:00,1538383080000,812,1428
2018-10-01 16:39:00,1538383140000,2774,2774
2018-10-01 16:40:00,1538383200000,784,1065
2018-10-01 16:41:00,1538383260000,2494,2494
2018-10-01 16:42:00,1538383320000,4435,4435
2018-10-01 16:43:00,1538383380000,5087,5087
2018-10-01 16:44:00,1538383440000,3275,1070
2018-10-01 16:45:00,1538383500000,2167,2167
2018-10-01 16:46:00,1538383560000,4283,4283
2018-10-01 16:47:00,1538383620000,2384,2384
2018-10-01 16:48:00,1538383680000,2298,1475
2018-10-01 16:49:00,1538383740000,3028,3028
2018-10-01 16:50:00,1538383800000,3263,1437
2018-10-01 16:51:00,1538383860000,1375,1375
2018-10-01 16:52:00,1538383920000,2049,2049
2018-10-01 16:53:00,1538383980000,3800,3800
2018-10-01 16:54:00,1538384040000,1900,1900
2018-10-01 16:55:00,1538384100000,987,1498
2018-10-01 16:56:00,1538384160000,1947,1947
2018-10-01 16:57:00,1538384220000,1085,1085
2018-10-01 16:58:00,1538384280000,1226,1226
2018-10-01 16:59:00,1538384340000,1169,1169
2018-10-01 17:00:00,1538384400000,3195,3195
2018-10-01 17:01:00,1538384460000,764,2639
2018-10-01 17:02:00,1538384520000,3598,3598
2018-10-01 17:03:00,1538384580000,3930,3930
2018-10-01 17:04:00,1538384640000,959,1689
2018-10-01 17:05:00,1538384700000,1576,1576
2018-10-01 17:06:00,1538384760000,2891,2891
2018-10-01 17:07:00,1538384820000,3172,3172
2018-10-01 17:08:00,1538384880000,1346,1346
2018-10-01 17:09:00,1538384940000,1589,1589
2018-10-01 17:10:00,1538385000000,3216,3216
2018-10-01 17:11:00,1538385060000,0,2023
2018-10-01 17:12:00,1538385120000,2863,1275
2018-10-01 17:13:00,1538385180000,3266,1640
2018-10-01 17:14:00,1538385240000,3729,2687
2018-10-01 17:15:00,1538385300000,3271,1334
2018-10-01 17:16:00,1538385360000,3082,1517
2018-10-01 17:17:00,1538385420000,4318,2224
2018-10-01 17:18:00,1538385480000,4471,2573
2018-10-01 17:19:00,1538385540000,4055,1497
2018-10-01 17:20:00,1538385600000,3196,3196
2018-10-01 17:21:00,1538385660000,4541,4541
2018-10-01 17:22:00,1538385720000,2647,2647
2018-10-01 17:23:00,1538385780000,1888,1888
2018-10-01 17:24:00,1538385840000,3899,3899
2018-10-01 17:25:00,1538385900000,3597,3597
2018-10-01 17:26:00,1538385960000,2624,1514
2018-10-01 17:27:00,1538386020000,1891,1891
2018-10-01 17:28:00,1538386080000,1800,1800
2018-10-01 17:29:00,1538386140000,1760,1442
2018-10-01 17:30:00,1538386200000,3050,3050
2018-10-01 17:31:00,1538386260000,1145,1145
2018-10-01 17:32:00,1538386320000,991,1865
2018-10-01 17:33:00,1538386380000,5132,5132
2018-10-01 17:34:00,1538386440000,1122,1122
2018-10-01 17:35:00,1538386500000,1463,1463
2018-10-01 17:36:00,1538386560000,1138,1138
2018-10-01 17:37:00,1538386620000,1114,1114
2018-10-01 17:38:00,1538386680000,2185,2185
2018-10-01 17:39:00,1538386740000,1736,1736
2018-10-01 17:40:00,1538386800000,2523,2523
2018-10-01 17:41:00,1538386860000,5753,1824
2018-10-01 17:42:00,1538386920000,2844,1002
2018-10-01 17:43:00,1538386980000,5687,1556
2018-10-01 17:44:00,1538387040000,2946,2946
2018-10-01 17:45:00,1538387100000,3188,3188
2018-10-01 17:46:00,1538387160000,3798,1356
2018-10-01 17:47:00,1538387220000,4283,1028
2018-10-01 17:48:00,1538387280000,5681,2146
2018-10-01 17:49:00,1538387340000,0,1000
2018-10-01 17:55:00,1538387700000,0,1000
2018-10-01 18:01:00,1538388060000,5127,1480
2018-10-01 18:02:00,1538388120000,1829,1482
2018-10-01 18:03:00,1538388180000,5691,5691
2018-10-01 18:04:00,1538388240000,3413,3413
2018-10-01 18:05:00,1538388300000,4233,1399
2018-10-01 18:06:00,1538388360000,3290,1115
2018-10-01 18:07:00,1538388420000,3519,2751
2018-10-01 18:08:00,1538388480000,4233,2649
2018-10-01 18:09:00,1538388540000,3902,2212
2018-10-01 18:10:00,1538388600000,3403,2403
2018-10-01 18:11:00,1538388660000,5034,5034
2018-10-01 18:12:00,1538388720000,3556,1464
2018-10-01 18:13:00,1538388780000,0,6893
2018-10-01 18:14:00,1538388840000,0,1967
2018-10-01 18:15:00,1538388900000,2249,1450
2018-10-01 18:16:00,1538388960000,1976,1976
2018-10-01 18:17:00,1538389020000,1852,1437
2018-10-01 18:18:00,1538389080000,1825,1679
2018-10-01 18:19:00,1538389140000,3575,1106
2018-10-01 18:20:00,1538389200000,4066,4066
2018-10-01 18:21:00,1538389260000,2602,2602
2018-10-01 18:22:00,1538389320000,1870,1870
2018-10-01 18:23:00,1538389380000,1702,1131
2018-10-01 18:24:00,1538389440000,2049,1486
2018-10-01 18:25:00,1538389500000,3324,3324
2018-10-01 18:26:00,1538389560000,1261,1261
2018-10-01 18:27:00,1538389620000,1810,1810
2018-10-01 18:28:00,1538389680000,1884,1884
2018-10-01 18:29:00,1538389740000,1700,1700
2018-10-01 18:30:00,1538389800000,4166,4166
2018-10-01 18:31:00,1538389860000,1965,1965
2018-10-01 18:32:00,1538389920000,1179,1179
2018-10-01 18:33:00,1538389980000,1764,1764
2018-10-01 18:34:00,1538390040000,1494,1494
2018-10-01 18:35:00,1538390100000,3558,2430
2018-10-01 18:36:00,1538390160000,5465,1873
2018-10-01 18:37:00,1538390220000,3579,1985
2018-10-01 18:38:00,1538390280000,0,1352
2018-10-01 18:39:00,1538390340000,0,1172
2018-10-01 18:40:00,1538390400000,3738,1072
2018-10-01 18:41:00,1538390460000,3092,1899
2018-10-01 18:42:00,1538390520000,3159,2098
2018-10-01 18:43:00,1538390580000,3042,1506
2018-10-01 18:44:00,1538390640000,3242,1735
2018-10-01 18:45:00,1538390700000,2991,1572
2018-10-01 18:46:00,1538390760000,1879,1879
2018-10-01 18:47:00,1538390820000,3551,1007
2018-10-01 18:48:00,1538390880000,2815,2815
2018-10-01 18:49:00,1538390940000,1882,1591
2018-10-01 18:50:00,1538391000000,1911,1911
2018-10-01 18:51:00,1538391060000,3193,1206
2018-10-01 18:52:00,1538391120000,5213,5213
2018-10-01 18:53:00,1538391180000,1894,1894
2018-10-01 18:54:00,1538391240000,3062,1659
2018-10-01 18:55:00,1538391300000,4137,4137
2018-10-01 18:56:00,1538391360000,2368,2368
2018-10-01 18:57:00,1538391420000,1121,1121
2018-10-01 18:58:00,1538391480000,1881,1881
2018-10-01 18:59:00,1538391540000,2626,2626
2018-10-01 19:00:00,1538391600000,2509,2509
2018-10-01 19:01:00,1538391660000,0,1000
2018-10-01 19:02:00,1538391720000,1999,1999
2018-10-01 19:03:00,1538391780000,1355,1355
2018-10-01 19:04:00,1538391840000,1442,1442
2018-10-01 19:05:00,1538391900000,2994,1839
2018-10-01 19:06:00,1538391960000,0,1000
2018-10-01 19:07:00,1538392020000,2878,1255
2018-10-01 19:08:00,1538392080000,3816,1592
2018-10-01 19:09:00,1538392140000,2506,2007
2018-10-01 19:10:00,1538392200000,3988,1943
2018-10-01 19:11:00,1538392260000,3644,2282
2018-10-01 19:12:00,1538392320000,4046,4046
2018-10-01 19:13:00,1538392380000,2687,1679
2018-10-01 19:14:00,1538392440000,0,1645
2018-10-01 19:15:00,1538392500000,2341,2341
2018-10-01 19:16:00,1538392560000,1525,1525
2018-10-01 19:17:00,1538392620000,3087,3087
2018-10-01 19:18:00,1538392680000,2798,1102
2018-10-01 19:19:00,1538392740000,3144,3144
2018-10-01 19:20:00,1538392800000,1204,1204
2018-10-01 19:21:00,1538392860000,1353,1353
2018-10-01 19:22:00,1538392920000,1756,1756
2018-10-01 19:23:00,1538392980000,2544,2544
2018-10-01 19:24:00,1538393040000,1888,1888
2018-10-01 19:25:00,1538393100000,1166,1166
2018-10-01 19:26:00,1538393160000,2511,2511
2018-10-01 19:27:00,1538393220000,1473,1473
2018-10-01 19:28:00,1538393280000,1933,1933
2018-10-01 19:29:00,1538393340000,552,1127
2018-10-01 19:30:00,1538393400000,1154,1154
2018-10-01 19:31:00,1538393460000,626,2564
2018-10-01 19:32:00,1538393520000,2767,2767
2018-10-01 19:33:00,1538393580000,1850,1850
2018-10-01 19:34:00,1538393640000,3761,3761
2018-10-01 19:35:00,1538393700000,4227,1353
2018-10-01 19:36:00,1538393760000,4071,1779
2018-10-01 19:37:00,1538393820000,2755,2755
2018-10-01 19:38:00,1538393880000,2774,1427
2018-10-01 19:39:00,1538393940000,5228,5228
2018-10-01 19:40:00,1538394000000,2703,1388
2018-10-01 19:41:00,1538394060000,4007,1304
2018-10-01 19:42:00,1538394120000,4798,1998
2018-10-01 19:43:00,1538394180000,3710,1247
2018-10-01 19:44:00,1538394240000,4416,1558
2018-10-01 19:45:00,1538394300000,1690,1690
2018-10-01 19:46:00,1538394360000,2175,2175
2018-10-01 19:47:00,1538394420000,3318,3318
2018-10-01 19:48:00,1538394480000,3945,3945
2018-10-01 19:49:00,1538394540000,1421,1421
2018-10-01 19:50:00,1538394600000,1757,1757
2018-10-01 19:51:00,1538394660000,1588,1588
2018-10-01 19:52:00,1538394720000,2954,2954
2018-10-01 19:53:00,1538394780000,2227,2227
2018-10-01 19:54:00,1538394840000,2042,2042
2018-10-01 19:55:00,1538394900000,1347,1347
2018-10-01 19:56:00,1538394960000,3627,3627
2018-10-01 19:57:00,1538395020000,639,1638
2018-10-01 19:58:00,1538395080000,2792,2792
2018-10-01 19:59:00,1538395140000,5183,5183
2018-10-01 20:00:00,1538395200000,2640,2640
2018-10-01 20:01:00,1538395260000,1443,1443
2018-10-01 20:02:00,1538395320000,2469,2469
2018-10-01 20:03:00,1538395380000,3497,3497
2018-10-01 20:04:00,1538395440000,779,1485
2018-10-01 20:05:00,1538395500000,2284,1351
2018-10-01 20:06:00,1538395560000,2226,2226
2018-10-01 20:07:00,1538395620000,3920,3920
2018-10-01 20:08:00,1538395680000,4217,4217
2018-10-01 20:09:00,1538395740000,2216,2216
2018-10-01 20:10:00,1538395800000,3260,3260
2018-10-01 20:11:00,1538395860000,1810,1185
2018-10-01 20:12:00,1538395920000,1864,1342
2018-10-01 20:13:00,1538395980000,3846,1403
2018-10-01 20:14:00,1538396040000,4291,4291
2018-10-01 20:15:00,1538396100000,1644,1644
2018-10-01 20:16:00,1538396160000,1392,1392
2018-10-01 20:17:00,1538396220000,1848,1848
2018-10-01 20:18:00,1538396280000,1711,1711
2018-10-01 20:19:00,1538396340000,4172,4172
2018-10-01 20:20:00,1538396400000,1200,1200
2018-10-01 20:21:00,1538396460000,1072,1072
2018-10-01 20:22:00,1538396520000,2386,2386
2018-10-01 20:23:00,1538396580000,2670,2670
2018-10-01 20:24:00,1538396640000,3277,3277
2018-10-01 20:25:00,1538396700000,3276,3276
2018-10-01 20:26:00,1538396760000,1003,1003
2018-10-01 20:27:00,1538396820000,592,1657
2018-10-01 20:28:00,1538396880000,618,2452
2018-10-01 20:29:00,1538396940000,1445,1445
2018-10-01 20:30:00,1538397000000,0,1000
2018-10-01 20:31:00,1538397060000,2055,2055
2018-10-01 20:32:00,1538397120000,4151,4151
2018-10-01 20:33:00,1538397180000,2013,2013
2018-10-01 20:34:00,1538397240000,800,5347
2018-10-01 20:35:00,1538397300000,3110,3110
2018-10-01 20:36:00,1538397360000,5008,1293
2018-10-01 20:37:00,1538397420000,5297,5297
2018-10-01 20:38:00,1538397480000,1937,1937
2018-10-01 20:39:00,1538397540000,1844,1844
2018-10-01 20:40:00,1538397600000,5049,5049
2018-10-01 20:41:00,1538397660000,2795,2795
2018-10-01 20:42:00,1538397720000,2435,2435
2018-10-01 20:43:00,1538397780000,1783,1783
2018-10-01 20:44:00,1538397840000,2346,1462
2018-10-01 20:45:00,1538397900000,2290,2290
2018-10-01 20:46:00,1538397960000,971,1339
2018-10-01 20:47:00,1538398020000,857,1718
2018-10-01 20:48:00,1538398080000,2338,2338
2018-10-01 20:49:00,1538398140000,691,1662
2018-10-01 20:50:00,1538398200000,1482,1482
2018-10-01 20:51:00,1538398260000,1472,1472
2018-10-01 20:52:00,1538398320000,2674,2674
2018-10-01 20:53:00,1538398380000,743,1183
2018-10-01 20:54:00,1538398440000,2281,2281
2018-10-01 20:55:00,1538398500000,230,1000
2018-10-01 20:56:00,1538398560000,1951,1951
2018-10-01 20:57:00,1538398620000,657,1338
2018-10-01 20:58:00,1538398680000,562,2984
2018-10-01 20:59:00,1538398740000,4232,4232
2018-10-01 21:00:00,1538398800000,4010,4010
2018-10-01 21:01:00,1538398860000,1635,1635
2018-10-01 21:02:00,1538398920000,1650,1650
2018-10-01 21:03:00,1538398980000,628,2424
2018-10-01 21:04:00,1538399040000,1634,1634
2018-10-01 21:05:00,1538399100000,761,1487
2018-10-01 21:06:00,1538399160000,1819,1819
2018-10-01 21:07:00,1538399220000,3292,3292
2018-10-01 21:08:00,1538399280000,1630,1630
2018-10-01 21:09:00,1538399340000,472,1431
2018-10-01 21:10:00,1538399400000,2429,2429
2018-10-01 21:11:00,1538399460000,661,6605
2018-10-01 21:12:00,1538399520000,2297,2297
2018-10-01 21:13:00,1538399580000,959,1344
2018-10-01 21:14:00,1538399640000,2776,2776
2018-10-01 21:15:00,1538399700000,4328,4328
2018-10-01 21:16:00,1538399760000,104,1207
2018-10-01 21:17:00,1538399820000,314,1289
2018-10-01 21:18:00,1538399880000,3179,3179
2018-10-01 21:19:00,1538399940000,5243,5243
2018-10-01 21:20:00,1538400000000,2535,2535
2018-10-01 21:21:00,1538400060000,853,1600
2018-10-01 21:22:00,1538400120000,4446,4446
2018-10-01 21:23:00,1538400180000,2834,2834
2018-10-01 21:24:00,1538400240000,1723,1723
2018-10-01 21:25:00,1538400300000,1384,1384
2018-10-01 21:26:00,1538400360000,149,1010
2018-10-01 21:27:00,1538400420000,3810,3810
2018-10-01 21:28:00,1538400480000,251,1000
2018-10-01 21:29:00,1538400540000,855,4748
2018-10-01 21:30:00,1538400600000,1028,1028
2018-10-01 21:31:00,1538400660000,1430,1430
2018-10-01 21:32:00,1538400720000,296,6135
2018-10-01 21:33:00,1538400780000,1219,1219
2018-10-01 21:34:00,1538400840000,2418,2418
2018-10-01 21:35:00,1538400900000,1410,1410
2018-10-01 21:36:00,1538400960000,496,4685
2018-10-01 21:37:00,1538401020000,88,1184
2018-10-01 21:38:00,1538401080000,1041,1041
2018-10-01 21:39:00,1538401140000,2283,2283
2018-10-01 21:40:00,1538401200000,804,2882
2018-10-01 21:41:00,1538401260000,157,1054
2018-10-01 21:42:00,1538401320000,1148,1148
2018-10-01 21:43:00,1538401380000,1117,1117
2018-10-01 21:44:00,1538401440000,1371,1371
2018-10-01 21:45:00,1538401500000,728,1977
2018-10-01 21:46:00,1538401560000,2545,2545
2018-10-01 21:47:00,1538401620000,2068,2068
2018-10-01 21:48:00,1538401680000,3105,3105
2018-10-01 21:49:00,1538401740000,545,1111
2018-10-01 21:50:00,1538401800000,635,1193
2018-10-01 21:51:00,1538401860000,1652,1652
2018-10-01 21:52:00,1538401920000,2577,2577
2018-10-01 21:53:00,1538401980000,1415,1415
2018-10-01 21:54:00,1538402040000,285,1000
2018-10-01 21:55:00,1538402100000,576,1000
2018-10-01 21:56:00,1538402160000,806,1000
2018-10-01 21:57:00,1538402220000,1762,1762
2018-10-01 21:58:00,1538402280000,706,1360
2018-10-01 21:59:00,1538402340000,0,1000
2018-10-01 22:00:00,1538402400000,1727,1727
2018-10-01 22:01:00,1538402460000,180,1009
2018-10-01 22:02:00,1538402520000,3605,3605
2018-10-01 22:03:00,1538402580000,837,2494
2018-10-01 22:04:00,1538402640000,2999,2999
2018-10-01 22:05:00,1538402700000,836,2414
2018-10-01 22:06:00,1538402760000,3159,3159
2018-10-01 22:07:00,1538402820000,1362,1362
2018-10-01 22:08:00,1538402880000,3761,3761
2018-10-01 22:09:00,1538402940000,3761,3761
2018-10-01 22:10:00,1538403000000,609,1611
2018-10-01 22:11:00,1538403060000,76,1263
2018-10-01 22:12:00,1538403120000,708,2828
2018-10-01 22:13:00,1538403180000,4042,4042
2018-10-01 22:14:00,1538403240000,56,1446
2018-10-01 22:15:00,1538403300000,3057,3057
2018-10-01 22:16:00,1538403360000,0,1000
2018-10-01 22:17:00,1538403420000,2368,2368
2018-10-01 22:18:00,1538403480000,1177,1177
2018-10-01 22:19:00,1538403540000,0,1000
2018-10-01 22:20:00,1538403600000,0,1000
2018-10-01 22:21:00,1538403660000,1557,1557
2018-10-01 22:22:00,1538403720000,927,3175
2018-10-01 22:23:00,1538403780000,2884,2884
2018-10-01 22:24:00,1538403840000,7,2924
2018-10-01 22:25:00,1538403900000,2481,2481
2018-10-01 22:26:00,1538403960000,3458,3458
2018-10-01 22:27:00,1538404020000,849,4299
2018-10-01 22:28:00,1538404080000,1598,1598
2018-10-01 22:29:00,1538404140000,76,1036
2018-10-01 22:30:00,1538404200000,486,4181
2018-10-01 22:31:00,1538404260000,493,6883
2018-10-01 22:32:00,1538404320000,547,5259
2018-10-01 22:33:00,1538404380000,781,2954
2018-10-01 22:34:00,1538404440000,136,1124
2018-10-01 22:35:00,1538404500000,1238,1238
2018-10-01 22:36:00,1538404560000,481,4158
2018-10-01 22:37:00,1538404620000,965,2157
2018-10-01 22:38:00,1538404680000,888,5380
2018-10-01 22:39:00,1538404740000,281,2082
2018-10-01 22:40:00,1538404800000,809,3644
2018-10-01 22:41:00,1538404860000,4708,4708
2018-10-01 22:42:00,1538404920000,430,6451
2018-10-01 22:43:00,1538404980000,0,6363
2018-10-01 22:44:00,1538405040000,234,1740
2018-10-01 22:45:00,1538405100000,2639,2639
2018-10-01 22:46:00,1538405160000,4762,4762
2018-10-01 22:47:00,1538405220000,1435,1435
2018-10-01 22:48:00,1538405280000,225,3956
2018-10-01 22:49:00,1538405340000,0,1000
2018-10-01 22:50:00,1538405400000,0,1000
2018-10-01 22:51:00,1538405460000,65,4837
2018-10-01 22:52:00,1538405520000,3004,3004
2018-10-01 22:53:00,1538405580000,565,3475
2018-10-01 22:54:00,1538405640000,1315,1315
2018-10-01 22:55:00,1538405700000,0,1000
2018-10-01 22:56:00,1538405760000,2945,2945
2018-10-01 22:57:00,1538405820000,4303,4303
2018-10-01 22:58:00,1538405880000,1580,1580
2018-10-01 22:59:00,1538405940000,1841,1841
2018-10-01 23:00:00,1538406000000,125,6290
2018-10-01 23:01:00,1538406060000,2228,2228
2018-10-01 23:02:00,1538406120000,35,5108
2018-10-01 23:03:00,1538406180000,5242,5242
2018-10-01 23:04:00,1538406240000,0,1000
2018-10-01 23:05:00,1538406300000,0,6811
2018-10-01 23:06:00,1538406360000,0,1000
2018-10-01 23:07:00,1538406420000,707,1000
2018-10-01 23:08:00,1538406480000,0,6188
2018-10-01 23:09:00,1538406540000,2887,2887
2018-10-01 23:10:00,1538406600000,163,1243
2018-10-01 23:11:00,1538406660000,0,6309
2018-10-01 23:12:00,1538406720000,75,1604
2018-10-01 23:13:00,1538406780000,1145,1145
2018-10-01 23:14:00,1538406840000,102,1000
2018-10-01 23:15:00,1538406900000,0,6486
2018-10-01 23:16:00,1538406960000,30,1000
2018-10-01 23:17:00,1538407020000,2051,2051
2018-10-01 23:18:00,1538407080000,2583,2583
2018-10-01 23:19:00,1538407140000,1218,1218
2018-10-01 23:20:00,1538407200000,4791,4791
2018-10-01 23:21:00,1538407260000,4554,4554
2018-10-01 23:22:00,1538407320000,320,5325
2018-10-01 23:23:00,1538407380000,24,1000
2018-10-01 23:24:00,1538407440000,0,6089
2018-10-01 23:25:00,1538407500000,210,2482
2018-10-01 23:26:00,1538407560000,1998,1998
2018-10-01 23:27:00,1538407620000,2829,2829
2018-10-01 23:28:00,1538407680000,841,1000
2018-10-01 23:29:00,1538407740000,245,4969
2018-10-01 23:30:00,1538407800000,0,1000
2018-10-01 23:31:00,1538407860000,1446,1446
2018-10-01 23:32:00,1538407920000,374,4700
2018-10-01 23:33:00,1538407980000,3110,3110
2018-10-01 23:34:00,1538408040000,0,6160
2018-10-01 23:35:00,1538408100000,3664,3664
2018-10-01 23:36:00,1538408160000,0,6258
2018-10-01 23:37:00,1538408220000,0,1000
2018-10-01 23:38:00,1538408280000,789,2672
2018-10-01 23:39:00,1538408340000,810,1000
2018-10-01 23:40:00,1538408400000,2059,2059
2018-10-01 23:41:00,1538408460000,668,1000
2018-10-01 23:42:00,1538408520000,0,1000
2018-10-01 23:43:00,1538408580000,5268,5268
2018-10-01 23:44:00,1538408640000,0,1000
2018-10-01 23:45:00,1538408700000,1581,1581
2018-10-01 23:46:00,1538408760000,1519,1519
2018-10-01 23:47:00,1538408820000,3562,3562
2018-10-01 23:48:00,1538408880000,0,1000
2018-10-01 23:49:00,1538408940000,0,1000
2018-10-01 23:50:00,1538409000000,1395,1395
2018-10-01 23:51:00,1538409060000,3175,3175
2018-10-01 23:52:00,1538409120000,4841,4841
2018-10-01 23:53:00,1538409180000,2370,2370
2018-10-01 23:54:00,1538409240000,0,1000
2018-10-01 23:55:00,1538409300000,757,5235
2018-10-01 23:56:00,1538409360000,1716,1716
2018-10-01 23:57:00,1538409420000,2975,2975
2018-10-01 23:58:00,1538409480000,3134,3134
2018-10-01 23:59:00,1538409540000,1635,1635
